id,hostname,url_pattern,price_selectors,currency_label_selectors,default_currency,enabled,last_verified,contributor,notes_en,notes_fa
digikala,digikala.com,https://www.digikala.com/*,"[data-testid=""price-final""]|[data-testid=""price-no-discount""]",,Toman,true,2026-09-10,maintainer,"Digikala - QA data-testid hooks are more stable than Tailwind utility classes. Re-confirmed live on product AND search pages on 2026-09-10. Known gap (reported 2026-09-26): homepage carousel prices were only reachable via absolute nth-of-type DOM paths in the report, which are not durable selectors (they shift when carousel/section order changes); homepage detection currently relies on the generic JSON-LD/currency-word engine until a stable per-card hook (e.g. a data-testid) is confirmed via the in-extension manual picker.","دیجی‌کالا - بزرگ‌ترین فروشگاه اینترنتی ایران؛ از هوک‌های data-testid استفاده می‌کند. در 2026-09-10 روی صفحه محصول و صفحه جستجو تایید شد. مشکل شناخته‌شده (گزارش 2026-09-26): قیمت‌های کاروسل صفحه اصلی فقط از طریق مسیرهای nth-of-type مطلق قابل‌دسترسی بودند که سلکتور پایداری نیستند (با تغییر ترتیب کاروسل/بخش‌ها جابه‌جا می‌شوند)؛ تشخیص صفحه اصلی فعلاً به موتور عمومی JSON-LD/واحد پول متکی است تا با انتخابگر دستی یک هوک پایدار تایید شود."
torob,torob.com,https://torob.com/*,"[class*=""price"" i]",,Toman,true,2026-09-10,maintainer,"Torob - class names are webpack content-hashed; matched via case-insensitive substring. Re-confirmed live on product and search pages on 2026-09-10.","توروب - نام کلاس‌ها هش‌شده و متغیر است؛ با تطبیق زیررشته کار می‌کند. در 2026-09-10 دوباره تایید شد."
emalls,emalls.ir,https://emalls.ir/*,.price|.shop-price,,Toman,true,2026-09-10,maintainer,"Emalls - bare numbers with no currency word; validated via JSON-LD schema.org data on the page. Re-confirmed live on 2026-09-10. Known gap (reported 2026-09-26): on the homepage price-comparison widget, two adjacent prices are shown per row and only one is reliably captured by .price/.shop-price; the reported DOM paths were absolute nth-of-type chains with no distinguishing class, so no durable fix could be derived - needs the manual picker or a maintainer inspecting live classes.","ای‌مالز - اعداد بدون واحد پول؛ با داده ساختاریافته JSON-LD تایید می‌شود. در 2026-09-10 دوباره تایید شد. مشکل شناخته‌شده (گزارش 2026-09-26): در ویجت مقایسه قیمت صفحه اصلی، دو قیمت مجاور در هر ردیف نشان داده می‌شود و فقط یکی با .price/.shop-price به‌طور قابل‌اعتماد گرفته می‌شود؛ مسیرهای گزارش‌شده زنجیره nth-of-type مطلق بدون کلاس متمایزکننده بودند، بنابراین راه‌حل پایداری از آن‌ها استخراج نشد - نیاز به انتخابگر دستی یا بررسی کلاس‌های زنده توسط نگهدارنده دارد."
technolife,technolife.com,https://www.technolife.com/*,p.text-gray-primary|p.text-primary-shade-1,,Toman,true,2026-09-10,maintainer,"Listing/home product cards: current-price paragraphs carry Technolife's custom color tokens text-gray-primary / text-primary-shade-1 (was-prices use line-through + tint classes and are deliberately not targeted). Product pages still rely on JSON-LD + generic engine. Known gap (reported 2026-09-26): on at least one product-page layout, a warranty/insurance line was mistakenly matched as a price by a nearby positional selector; the reported paths were absolute nth-of-type chains with no class difference between the warranty text and the real price, so no safe generic fix could be derived from them - needs the manual picker to pin the exact price node on that layout.","کارت‌های محصول در صفحه اصلی و فهرست: پاراگراف قیمت جاری از توکن‌های رنگی سفارشی text-gray-primary و text-primary-shade-1 استفاده می‌کند؛ قیمت‌های خط‌خورده قبلی عمداً هدف قرار نمی‌گیرند. صفحه محصول همچنان به JSON-LD و موتور عمومی تکیه دارد. مشکل شناخته‌شده (گزارش 2026-09-26): در حداقل یک چیدمان صفحه محصول، یک سطر گارانتی/بیمه به اشتباه توسط یک سلکتور موقعیتی مجاور به‌جای قیمت گرفته شد؛ مسیرهای گزارش‌شده زنجیره nth-of-type مطلق بدون تفاوت کلاس بین متن گارانتی و قیمت واقعی بودند، بنابراین راه‌حل عمومی امنی از آن‌ها استخراج نشد - نیاز به انتخابگر دستی برای مشخص‌کردن دقیق گره قیمت در آن چیدمان دارد."
okala,okala.com,https://www.okala.com/*,"[aria-label=""قیمت کالا""]|.body-price-tag",,Toman,true,2026-09-10,maintainer,"Okala - aria-label accessibility attribute is a stronger hook than the adjacent utility class. Re-confirmed live on 2026-09-10.","اوکالا - ویژگی aria-label نسبت به کلاس مجاور پایدارتر است. در 2026-09-10 دوباره تایید شد."
tapsi_shop,tapsi.shop,https://tapsi.shop/*,"[data-test-id=""product-card-final-price""]|[data-test-id=""product-card-original-price""]|.MuiTypography-headlineSmall",,Toman,true,2026-09-26,maintainer,"Homepage now renders product cards without login; stable data-test-id hooks on price spans (final = current, original = was-price). MUI class names are emotion-hashed and unstable. Internal/product pages (2026-09-26): added a fallback on the un-hashed MUI typography variant class .MuiTypography-headlineSmall; the accompanying muirtl-* class is an emotion-generated hash and was intentionally dropped as unstable.","صفحه اصلی اکنون بدون ورود کارت محصول رندر می‌کند؛ هوک‌های پایدار data-test-id روی بازه‌های قیمت وجود دارد (final قیمت جاری، original قیمت قبلی). نام کلاس‌های MUI هش‌شده و ناپایدار است. صفحات داخلی/محصول (2026-09-26): یک سلکتور جایگزین بر پایه کلاس هش‌نشده .MuiTypography-headlineSmall اضافه شد؛ کلاس همراه muirtl-* هش خودکار است و عمداً کنار گذاشته شد."
snappfood,snappfood.ir,https://snappfood.ir/*,".kk-price|.price-value",".kk-price-unit|.price-unit",Toman,true,2026-08-15,maintainer,"Re-crawl on 2026-09-10 still returned a bot-block error page; legacy best-effort selectors kept, verify via manual picker.","به دلیل محافظت در برابر بات، کرال زنده در 2026-09-10 هم صفحه خطا برگرداند؛ سلکتورهای قدیمی به صورت تلاش حداکثری نگه داشته شده‌اند؛ با انتخابگر دستی بررسی شود."
bama,bama.ir,https://bama.ir/*,span[itemprop=price],span[itemprop=priceCurrency],Toman,true,2026-08-15,maintainer,"Uses schema.org itemprop microdata on car-ad detail pages. Known gap (reported 2026-09-26): on category/listing and some detail-page layouts, prices were reported reachable only via absolute nth-of-type chains ending in a bare span, with no itemprop or class present - suggesting span[itemprop=price] may now be stale on these layouts. No durable replacement could be derived from position-only paths; needs the manual picker.","از میکرودیتای schema.org در صفحه جزئیات آگهی خودرو استفاده می‌کند. مشکل شناخته‌شده (گزارش 2026-09-26): در صفحات دسته‌بندی/فهرست و برخی صفحات جزئیات، قیمت‌ها فقط از طریق زنجیره nth-of-type مطلق که به یک span ساده ختم می‌شود در دسترس بودند، بدون هیچ itemprop یا کلاسی - که نشان می‌دهد span[itemprop=price] احتمالاً در این چیدمان‌ها دیگر کار نمی‌کند. جایگزین پایداری از مسیرهای صرفاً موقعیتی استخراج نشد؛ نیاز به انتخابگر دستی دارد."
divar,divar.ir,https://divar.ir/*,.kt-post-card__description|.kt-unexpandable-row__value|.post-page__section--padded-right,,Toman,true,2026-09-10,maintainer,"Verified live on category listing pages showing formatted Toman prices with currency word. Re-confirmed on 2026-09-10.","به صورت زنده در صفحات فهرست دسته‌بندی با قیمت‌های فرمت‌شده تومانی تایید شده است. در 2026-09-10 دوباره تایید شد."
snappshop,snappshop.ir,https://snappshop.ir/*,p.price span.text-bold|span.text-bold.h5,,Toman,true,2026-09-26,maintainer,"Homepage/listing current price: p.price > span.text-bold. Product page: span.text-bold.h5 (larger heading price, no comparison shown). The original/was-price uses a CSS-module hashed class (Price_price__discounted__*) and is deliberately not targeted, consistent with other rows in this table. Currency is shown via an inline SVG icon (#toman-icon), not text, so no currency_label_selector is needed.","قیمت جاری در صفحه اصلی/فهرست: p.price > span.text-bold. صفحه محصول: span.text-bold.h5 (قیمت با هدینگ بزرگ‌تر، بدون مقایسه). قیمت قبلی/خط‌خورده از یک کلاس هش‌شده CSS-module استفاده می‌کند و طبق روال سایر ردیف‌های این جدول عمداً هدف قرار نمی‌گیرد. واحد پول با یک آیکون SVG درون‌خطی نشان داده می‌شود، نه متن، بنابراین به currency_label_selector نیازی نیست."
khodro45,khodro45.com,https://khodro45.com/*,span.text-secondary-800.text-base.font-normal.whitespace-pre-line,,Toman,true,2026-09-26,maintainer,"Price text is a plain Tailwind-styled span (no CSS-module hashing observed), paired with an icon-toman glyph for the currency unit (not real text). Selector targets the exact utility-class combination provided; if Khodro45 changes its Tailwind theme classes this will need re-verification via the manual picker.","متن قیمت یک span با کلاس‌های Tailwind ساده است (بدون هش CSS-module مشاهده‌شده)، همراه با یک نماد icon-toman برای واحد پول (نه متن واقعی). سلکتور دقیقاً ترکیب کلاس‌های یوتیلیتی داده‌شده را هدف قرار می‌دهد؛ در صورت تغییر تم Tailwind سایت، باید با انتخابگر دستی دوباره تایید شود."
